scenario_id,delta_usd,sign,amount_common_profit_usd,legacy_common_profit_usd
CORE_CONSERVATIVE_100_30,0,ZERO,0,0
CORE_CONSERVATIVE_100_90,2.589187588921,POSITIVE,0,-2.589187588921
CORE_CONSERVATIVE_100_365,4.240525614859,POSITIVE,6.7536,2.513074385141
CORE_CONSERVATIVE_1000_30,2.842475912953,POSITIVE,2.742551867475,-0.099924045478
CORE_CONSERVATIVE_1000_90,12.064443247262,POSITIVE,23.487102194875,11.422658947613
CORE_CONSERVATIVE_1000_365,58.185378650885,POSITIVE,127.96,69.774621349115
CORE_CONSERVATIVE_10000_30,59.08397956956,POSITIVE,59.08397956956,0
CORE_CONSERVATIVE_10000_90,251.271611000922,POSITIVE,251.271611000922,0
CORE_CONSERVATIVE_10000_365,1205,POSITIVE,1205,0
CORE_BALANCED_100_30,0,ZERO,0,0
CORE_BALANCED_100_90,2.506837142444,POSITIVE,0,-2.506837142444
CORE_BALANCED_100_365,3.102216275011,POSITIVE,12.1256,9.023383724989
CORE_BALANCED_1000_30,0.412223086959,POSITIVE,5.405847648433,4.993624561474
CORE_BALANCED_1000_90,1.87604282795,POSITIVE,35.778196917937,33.902154089987
CORE_BALANCED_1000_365,-6.852889102608,NEGATIVE,189.96,196.812889102608
CORE_BALANCED_10000_30,0,ZERO,97.398685349743,97.398685349743
CORE_BALANCED_10000_90,45.194270404695,POSITIVE,350.562415036427,305.368144631732
CORE_BALANCED_10000_365,507,POSITIVE,1822,1315
CORE_AGGRESSIVE_100_30,0,ZERO,0,0
CORE_AGGRESSIVE_100_90,3.101963279704,POSITIVE,0.267052555951,-2.834910723753
CORE_AGGRESSIVE_100_365,0.4216,POSITIVE,14.4944,14.0728
CORE_AGGRESSIVE_1000_30,0.834470910397,POSITIVE,5.910088509691,5.075617599294
CORE_AGGRESSIVE_1000_90,0,ZERO,40.054806041618,40.054806041618
CORE_AGGRESSIVE_1000_365,0,ZERO,219.28,219.28
CORE_AGGRESSIVE_10000_30,0,ZERO,100.337569914945,100.337569914945
CORE_AGGRESSIVE_10000_90,36.198745358727,POSITIVE,350.562415036427,314.3636696777
CORE_AGGRESSIVE_10000_365,0,ZERO,2029,2029
DEADLINE_STAKING_1,-43.544932075116,NEGATIVE,0,43.544932075116
DEADLINE_STAKING_8,-15.392734405928,NEGATIVE,28.152197669188,43.544932075116
DEADLINE_STAKING_15,0,ZERO,43.544932075116,43.544932075116
DEADLINE_LP_1,-4.737632453048,NEGATIVE,33.058591416716,37.796223869764
DEADLINE_LP_8,-4.737632453048,NEGATIVE,33.058591416716,37.796223869764
DEADLINE_LP_15,-4.737632453048,NEGATIVE,33.058591416716,37.796223869764
FIXED_100,0,ZERO,0,0
FIXED_1000,0,ZERO,95,95
FIXED_10000,0,ZERO,1175,1175
FIXED_ZERO_CONTROL,0,ZERO,12,12
LP_PROGRESSION_CONSERVATIVE,-2.853815823035,NEGATIVE,54.34,57.193815823035
LP_PROGRESSION_BALANCED,0,ZERO,112.96,112.96
LP_PROGRESSION_AGGRESSIVE,0,ZERO,151.64,151.64
QUOTE_CURVE,13.3,POSITIVE,13.3,0
QUOTE_CONSTANT_CONTROL,0,ZERO,114.4,114.4
NEGATIVE,0,ZERO,0,0
MISSING_RETURN,0,ZERO,0,0
MISSING_COST,0,ZERO,0,0
QUOTE_MISMATCH,0,ZERO,0,0
ADMISSION_FAILURE,0,ZERO,0,0
ASCEND_ATTRACTIVE,0,ZERO,0,0
TIE,0,ZERO,100,100
