Feature,Evidence kind,Source cases / diagnostic,Interpretation
Fixed cost,CONTROLLED_PAIRED_SENSITIVITY,FIXED_100 vs FIXED_ZERO_CONTROL,Within-model cost ablation changes the selected decision
Quote curve,CONTROLLED_PAIRED_SENSITIVITY,QUOTE_CURVE vs QUOTE_CONSTANT_CONTROL,Within-model curve ablation changes the selected LP amount
LP absolute stress,DIAGNOSTIC_ASSOCIATION_ONLY,Ordinary disagreement / candidate diagnostics,Not an isolated causal effect
Concentration,DIAGNOSTIC_ASSOCIATION_ONLY,Ordinary disagreement / candidate diagnostics,Not an isolated causal effect
Staking stress,DIAGNOSTIC_ASSOCIATION_ONLY,Ordinary disagreement / candidate diagnostics,Not an isolated causal effect
Cash deadline,DIAGNOSTIC_ASSOCIATION_ONLY,Ordinary disagreement / candidate diagnostics,Not an isolated causal effect
Grid discretization,DIAGNOSTIC_ASSOCIATION_ONLY,Ordinary disagreement / candidate diagnostics,Not an isolated causal effect
Multi-factor disagreements,DIAGNOSTIC_ASSOCIATION_ONLY,Ordinary disagreement / candidate diagnostics,Not an isolated causal effect
Fixed cost outside the paired ablation,DIAGNOSTIC_ASSOCIATION_ONLY,Ordinary disagreement / candidate diagnostics,Not an isolated causal effect
Quote effects outside the paired ablation,DIAGNOSTIC_ASSOCIATION_ONLY,Ordinary disagreement / candidate diagnostics,Not an isolated causal effect
