source_id,strategy_id,field_group,source_type,source_url,retrieval_method,authority,confidence,last_verified_utc,notes,chain_ids,source_role,mechanism_evidence_class,freshness_class,amount_specific,config_specific,history_required,capture_status
OG_CHAIN_CONFIG,NATIVE_STAKE_0G,network|chain_id|rpc,OFFICIAL_BUILDER_HUB,https://build.0g.ai/chain,MANUAL_VERIFIED,0G,HIGH,2026-09-13,0G Mainnet chain ID 16661 and public RPC https://evmrpc.0g.ai,16661,PROTOCOL_REFERENCE,STATIC_CONFIG,DEPLOYMENT_CONFIG_STATIC,FALSE,FALSE,FALSE,NO_FRESH_CAPTURE_SUPPLIED
OG_VALIDATOR_FOUNDATION,NATIVE_STAKE_0G,status|delegations|staking_apy|commission,OFFICIAL_EXPLORER,https://explorer.0g.ai/mainnet/validators/0xec856948cf28a7c36e4c0d7877d027ba0a8af17d/delegators,HTTP_PARSE,0G Explorer,HIGH,2026-09-13,Active validator in collector sample,16661,MARKET_OBSERVATION,LIVE_OBSERVED,PERIODICALLY_FRESH,FALSE,TRUE,FALSE,NO_FRESH_CAPTURE_SUPPLIED
OG_VALIDATOR_STAKIN,NATIVE_STAKE_0G,status|delegations|staking_apy|commission,OFFICIAL_EXPLORER,https://explorer.0g.ai/mainnet/validators/0x33f59323858ee0f29f5cc9e5abc05d42a424225f/delegators,HTTP_PARSE,0G Explorer,HIGH,2026-09-13,Active validator in collector sample,16661,MARKET_OBSERVATION,LIVE_OBSERVED,PERIODICALLY_FRESH,FALSE,TRUE,FALSE,NO_FRESH_CAPTURE_SUPPLIED
OG_VALIDATOR_CORENODE,NATIVE_STAKE_0G,status|delegations|staking_apy|commission,OFFICIAL_EXPLORER,https://explorer.0g.ai/mainnet/validators/0x54c2a4ca7742175f297946c28beaa69540f88867/delegators,HTTP_PARSE,0G Explorer,HIGH,2026-09-13,Active validator in collector sample,16661,MARKET_OBSERVATION,LIVE_OBSERVED,PERIODICALLY_FRESH,FALSE,TRUE,FALSE,NO_FRESH_CAPTURE_SUPPLIED
OG_VALIDATOR_LAKE_HERD,NATIVE_STAKE_0G,status|delegations|staking_apy|commission,OFFICIAL_EXPLORER,https://explorer.0g.ai/mainnet/validators/0x77d9f3a83cc0af0a4f7e9dcd78ebae967248f494/delegators,HTTP_PARSE,0G Explorer,HIGH,2026-09-13,Active validator in collector sample,16661,MARKET_OBSERVATION,LIVE_OBSERVED,PERIODICALLY_FRESH,FALSE,TRUE,FALSE,NO_FRESH_CAPTURE_SUPPLIED
GIMO_APP,GIMO_STAKE_0G,token_contract|stake_contract|dashboard_apr,PROTOCOL_APP,https://app.gimofinance.xyz/,MANUAL_REFERENCE_ONLY,Gimo Finance,HIGH,2026-09-13,Client-rendered dashboard APR is not used by automated collection,16661,PROTOCOL_REFERENCE,STATIC_CONFIG,PROTOCOL_STATIC,FALSE,FALSE,FALSE,NO_FRESH_CAPTURE_SUPPLIED
GIMO_ST0G_DOCS,GIMO_STAKE_0G,reward_model|commission|withdrawal|exchange_rate,PROTOCOL_DOCS,https://docs.gimofinance.xyz/docs/token/st0g/,MANUAL_VERIFIED,Gimo Finance,HIGH,2026-09-13,Exchange rate records how many 0G can be unstaked for 1 st0G and rises with staking rewards; rewards are updated about daily; protocol commission documented separately,16661,PROTOCOL_REFERENCE,STATIC_CONFIG,PROTOCOL_STATIC,FALSE,FALSE,FALSE,NO_FRESH_CAPTURE_SUPPLIED
GIMO_ONCHAIN_RATE,GIMO_STAKE_0G,exchange_rate|realized_apy,ONCHAIN_RPC,https://evmrpc.0g.ai,LATEST_ETH_CALL_PLUS_LOCAL_HISTORY,0G Mainnet,HIGH,2026-09-13,Public RPC is non-archive for historical state; collector stores current getRate locally and derives trailing APY after at least 24h of local history,16661,RETURN_HISTORY,LIVE_DERIVED,TIME_SERIES_REQUIRED,FALSE,TRUE,TRUE,NO_FRESH_CAPTURE_SUPPLIED
GIMO_DEFILLAMA_ADAPTER,GIMO_STAKE_0G,getRate_method|rate_scale,OPEN_SOURCE_ADAPTER,https://github.com/DefiLlama/DefiLlama-Adapters/blob/main/projects/gimo/index.js,MANUAL_CODE_VERIFICATION,DefiLlama,MEDIUM,2026-09-13,Independent adapter calls st0G totalSupply() and getRate() and scales rate by 1e18,16661,PROTOCOL_REFERENCE,STATIC_CONFIG,PROTOCOL_STATIC,FALSE,FALSE,FALSE,NO_FRESH_CAPTURE_SUPPLIED
JAINE_FACTORY,JAINE_LP_0G_USDC,factory|pool_discovery|fee_tier,ONCHAIN_RPC,https://evmrpc.0g.ai,FACTORY_GETPOOL,Jaine/0G Mainnet,HIGH,2026-09-13,Jaine V3 factory 0x9bdcA5798E52e592A08e3b34d3F18EeF76Af7ef4; collector discovers W0G/USDC.e pools across standard fee tiers,16661,MARKET_OBSERVATION,LIVE_OBSERVED,PERIODICALLY_FRESH,FALSE,TRUE,FALSE,NO_FRESH_CAPTURE_SUPPLIED
JAINE_GECKO,JAINE_LP_0G_USDC,liquidity_usd|volume_24h_usd|fee_apr_proxy,MARKET_DATA_API,https://api.geckoterminal.com/api/v2,POOL_BY_ADDRESS,GeckoTerminal,MEDIUM,2026-09-13,"Pool reserve and 24h volume used to derive trailing swap-fee APR proxy; public API data cached and secondary to on-chain pool discovery Reserve TVL is return-derivation denominator, not deployment or exit capacity. Historical source-review date is not a current market observation.",16661,MARKET_OBSERVATION,LIVE_DERIVED,PERIODICALLY_FRESH,FALSE,TRUE,FALSE,NO_FRESH_CAPTURE_SUPPLIED
JAINE_MERKL,JAINE_LP_0G_USDC,incentive_apy,INCENTIVES_API,https://api.merkl.xyz/v4/opportunities,POOL_IDENTIFIER_CAMPAIGN_APR,Merkl,HIGH,2026-09-13,Collector uses only aprRecord breakdowns with type CAMPAIGN; PROTOCOL/native APR components are excluded to prevent double counting Campaign observation alone does not establish realizable capstone incentive income; qualification/claim support unresolved.,16661,INCENTIVE_OBSERVATION,LIVE_OBSERVED,PERIODICALLY_FRESH,FALSE,TRUE,FALSE,NO_FRESH_CAPTURE_SUPPLIED
OKU_UNISWAP_FACTORY,OKU_LP_0G_USDC,factory|pool_discovery|fee_tier,ONCHAIN_RPC,https://evmrpc.0g.ai,FACTORY_GETPOOL,Uniswap V3 / 0G Mainnet,HIGH,2026-09-13,0G Uniswap V3 factory 0xcb2436774C3e191c85056d248EF4260ce5f27A9D; collector discovers W0G/USDC.e pools across standard fee tiers,16661,MARKET_OBSERVATION,LIVE_OBSERVED,PERIODICALLY_FRESH,FALSE,TRUE,FALSE,NO_FRESH_CAPTURE_SUPPLIED
OKU_PERIPHERY,OKU_LP_0G_USDC,router02|position_manager,PROTOCOL_DEPLOYMENT_DOCS,https://docs.oku.trade/home/deployed-contracts,MANUAL_VERIFIED,Oku,HIGH,2026-09-26,0G Router02 0x807F4E281B7A3B324825C64ca53c69F0b418dE40 and NonfungiblePositionManager 0x743E03cceB4af2efA3CC76838f6E8B50B63F184c,16661,PROTOCOL_REFERENCE,STATIC_CONFIG,DEPLOYMENT_CONFIG_STATIC,FALSE,TRUE,FALSE,NO_FRESH_CAPTURE_SUPPLIED
OKU_GECKO,OKU_LP_0G_USDC,liquidity_usd|volume_24h_usd|fee_apr_proxy,MARKET_DATA_API,https://api.geckoterminal.com/api/v2,POOL_BY_ADDRESS,GeckoTerminal,MEDIUM,2026-09-13,"Pool reserve and 24h volume used to derive trailing swap-fee APR proxy; public API is secondary to on-chain pool discovery Reserve TVL is return-derivation denominator, not deployment or exit capacity. Historical source-review date is not a current market observation.",16661,MARKET_OBSERVATION,LIVE_DERIVED,PERIODICALLY_FRESH,FALSE,TRUE,FALSE,NO_FRESH_CAPTURE_SUPPLIED
OKU_MERKL,OKU_LP_0G_USDC,incentive_apy,INCENTIVES_API,https://api.merkl.xyz/v4/opportunities,POOL_IDENTIFIER_CAMPAIGN_APR,Merkl,HIGH,2026-09-13,Collector uses only aprRecord breakdowns with type CAMPAIGN; PROTOCOL/native APR components are excluded to prevent double counting Campaign observation alone does not establish realizable capstone incentive income; qualification/claim support unresolved.,16661,INCENTIVE_OBSERVATION,LIVE_OBSERVED,PERIODICALLY_FRESH,FALSE,TRUE,FALSE,NO_FRESH_CAPTURE_SUPPLIED
OG_STAKING_CONTRACT,NATIVE_STAKE_0G,exit_time_days|withdrawal_delay_blocks,OFFICIAL_STAKING_CONTRACT,https://chainscan.0g.ai/address/0xea224dBB52F57752044c0C86aD50930091F561B9,ETH_CALL_MIN_WITHDRAWABILITY_DELAY,0G,HIGH,2026-09-13,Official docs identify minWithdrawabilityDelay as the network withdrawal delay in blocks; collector converts current value to days using recent observed block time,16661,WITHDRAWAL_STATE,LIVE_OBSERVED,PERIODICALLY_FRESH,FALSE,TRUE,FALSE,NO_FRESH_CAPTURE_SUPPLIED
OG_W0G_PRICE,NATIVE_STAKE_0G,liquidity_usd|tvl_usd,MARKET_DATA_API,https://api.geckoterminal.com/api/v2,SPOT_TOKEN_PRICE,GeckoTerminal,MEDIUM,2026-09-13,"Spot reference price converts sampled delegated stake into existing-value/delegation-depth proxy, not spare capacity or a guaranteed conservative bound. Valuation source/time validity is required for normal financial recommendations.",16661,MARKET_OBSERVATION,LIVE_DERIVED,PERIODICALLY_FRESH,FALSE,TRUE,FALSE,NO_FRESH_CAPTURE_SUPPLIED
OG_SLASH_STRESS,NATIVE_STAKE_0G,slashing_stress_loss,MODELLED_PROTOCOL_STRESS,https://github.com/0gfoundation/cosmos-sdk/blob/28801fc666f1c33f315e815bd57f2952fd6e0b00/x/slashing/types/params.go,DEFAULT_DOUBLE_SIGN_FRACTION,0G Foundation Cosmos SDK,MEDIUM,2026-09-13,"5% severe-slash stress uses the fork's default double-sign fraction; it is explicitly modelled and is not asserted as the current 0G mainnet slashing parameter Severity benchmark only, not probability or verified shared-factor linkage; configured-validator exposure requires separate evidence.",16661,MODEL_ASSUMPTION,MODELLED,MODEL_ASSUMPTION,FALSE,FALSE,FALSE,NO_FRESH_CAPTURE_SUPPLIED
JAINE_QUOTER,JAINE_LP_0G_USDC,entry_slippage_rate|exit_slippage_rate,ONCHAIN_QUOTER,https://evmrpc.0g.ai,QUOTE_EXACT_INPUT_SINGLE_V1,Jaine/0G Mainnet,MEDIUM,2026-09-13,Runtime amount-dependent quote using Jaine Quoter V1 0xd00883722cECAD3A1c60bCA611f09e1851a0bE02; exposure is resolved for the actual user portfolio amount Current pipeline uses full decision amount; target semantics require actual candidate strategy amount and registered pool/fee/fixed range/target alignment. Quote loss is fee-inclusive whole-strategy-notional fraction; a quote proves only that tested context.,16661,EXECUTION_QUOTE,LIVE_OBSERVED,RUN_TIME_FRESH,TRUE,TRUE,FALSE,NO_FRESH_CAPTURE_SUPPLIED
OKU_QUOTER,OKU_LP_0G_USDC,entry_slippage_rate|exit_slippage_rate,ONCHAIN_QUOTER,https://evmrpc.0g.ai,QUOTE_EXACT_INPUT_SINGLE_V2,Oku/Uniswap V3 0G Mainnet,MEDIUM,2026-09-13,Runtime amount-dependent quote using Oku QuoterV2 0xaa52bB8110fE38D0d2d2AF0B85C3A3eE622CA455; exposure is resolved for the actual user portfolio amount Current pipeline uses full decision amount; target semantics require actual candidate strategy amount and registered pool/fee/fixed range/target alignment. Quote loss is fee-inclusive whole-strategy-notional fraction; a quote proves only that tested context.,16661,EXECUTION_QUOTE,LIVE_OBSERVED,RUN_TIME_FRESH,TRUE,TRUE,FALSE,NO_FRESH_CAPTURE_SUPPLIED
LP_STRESS_MODEL,JAINE_LP_0G_USDC|OKU_LP_0G_USDC,lp_stress_loss_20pct,MODELLED_CLMM_STRESS,internal://src/ascend_optimizer/lp_execution.py,UNISWAP_V3_INVENTORY_FORMULA,Ascend capstone model,MEDIUM,2026-09-13,"Modelled position range is [0.8P0 1.2P0]; worst IL versus HODL under +/-20% price shocks is about 6.36%; this is a transparent MVP range assumption not a measured live LP position Benchmark is HODL starting inventory; loss fraction uses stressed HODL denominator, not initial principal. Generic range is not registered-position evidence.",16661,MODEL_ASSUMPTION,MODELLED,MODEL_ASSUMPTION,FALSE,TRUE,FALSE,NO_FRESH_CAPTURE_SUPPLIED
GIMO_TVL_ONCHAIN,GIMO_STAKE_0G,tvl_usd|liquidity_usd,ONCHAIN_RPC,https://evmrpc.0g.ai,TOTAL_SUPPLY_X_GETRATE_X_SPOT_PRICE,0G Mainnet,HIGH,2026-09-13,"totalSupply x getRate x qualified spot price measures backed TVL. Legacy liquidity_usd is a proxy, not deposit headroom or redemption cash.",16661,MARKET_OBSERVATION,LIVE_DERIVED,PERIODICALLY_FRESH,FALSE,TRUE,FALSE,NO_FRESH_CAPTURE_SUPPLIED
GIMO_SLASH_STRESS,GIMO_STAKE_0G,slashing_stress_loss,MODELLED_UNDERLYING_STAKING_STRESS,https://docs.gimofinance.xyz/docs/token/st0g/,UNDERLYING_VALIDATOR_RISK_MODEL,Gimo Finance + Ascend capstone model,MEDIUM,2026-09-13,Retained full-underlying 5% MODELLED double-sign-inspired severity benchmark. Underlying validator/operator composition is unverified; matching Native severity proves neither shared operators nor a shared event/correlation.,16661,MODEL_ASSUMPTION,MODELLED,MODEL_ASSUMPTION,FALSE,FALSE,FALSE,NO_FRESH_CAPTURE_SUPPLIED
ASCEND_SOURCECORE,ASCEND_STAKE_A0G,vault|asset|total_assets|exchange_rate,ONCHAIN_RPC,https://evmrpc.0g.ai,LATEST_ETH_CALL_PLUS_LOCAL_HISTORY,Ascend/Mellow on 0G,HIGH,2026-09-26,Live a0G SourceCore 0x4B3c2f55fa67679b382c979A082Df1B32079B4cB uses W0G as asset; collector derives exchange rate from totalAssets divided by totalSupply and trailing APY only after sufficient local history Realized rate appreciation is NET_OF_PROTOCOL_FEES; record protocol fee metadata without deducting it again. History alone does not clear the multi-dimensional gate.,16661,RETURN_HISTORY,LIVE_DERIVED,TIME_SERIES_REQUIRED,FALSE,TRUE,TRUE,NO_FRESH_CAPTURE_SUPPLIED
ASCEND_WITHDRAWAL_QUEUE,ASCEND_STAKE_A0G,exit_time_days|epoch_duration|withdrawal_delay,ONCHAIN_RPC,https://evmrpc.0g.ai,SOURCECORE_WITHDRAWAL_QUEUE_ETH_CALL,Mellow interop,HIGH,2026-09-26,"Epoch duration plus withdrawal delay is nominal timing proxy, not total time-to-cash guarantee. Requestability/maturity/funding/backlog/claimability require separate states.",16661,WITHDRAWAL_STATE,LIVE_OBSERVED,RUN_TIME_FRESH,FALSE,TRUE,FALSE,NO_FRESH_CAPTURE_SUPPLIED
ASCEND_BRIDGE_EXPOSURE,ASCEND_STAKE_A0G,bridge_fraction|oft_adapter|target_core,ONCHAIN_RPC,https://evmrpc.0g.ai,SOURCECORE_NAV_MINUS_LOCAL_W0G,Ascend/Mellow on 0G,HIGH,2026-09-26,"Implemented residual-NAV proxy derived from live SourceCore NAV minus local SourceCore/queue W0G. Queue and SourceCore may represent different populations after shares burn/fund. Not verified exact remote, bridge, or slashable exposure; not user bridging. Population reconciliation unresolved.",16661,MARKET_OBSERVATION,LIVE_DERIVED,RUN_TIME_FRESH,FALSE,TRUE,FALSE,NO_FRESH_CAPTURE_SUPPLIED
ASCEND_EMBEDDED_RESTAKING,ASCEND_STAKE_A0G|ASCEND_RESTAKE,bridge_architecture|restaking_exposure,OPEN_SOURCE_PROTOCOL,https://github.com/mellow-finance/mellow-interop,MANUAL_CODE_VERIFICATION,Mellow/Ascend,HIGH,2026-09-26,a0G backing can move through the OFT target/restaking path; this exposure is embedded in a0G NAV and is not separately allocatable in the optimizer,16661|1,DEPENDENCY_REFERENCE,STATIC_CONFIG,PROTOCOL_STATIC,FALSE,TRUE,FALSE,NO_FRESH_CAPTURE_SUPPLIED
ASCEND_MODEL_LEGACY,ASCEND_STAKE_A0G|ASCEND_RESTAKE,legacy_model,MODEL_CONFIG,internal://src/ascend_optimizer/ascend_model.py,REFERENCE_ONLY,Ascend capstone pre-launch model,LOW,2026-09-26,Pre-launch model retained only for reproducibility and blocked from appending to live optimizer data,16661,MODEL_ASSUMPTION,MODELLED,MODEL_ASSUMPTION,FALSE,FALSE,FALSE,NO_FRESH_CAPTURE_SUPPLIED
ASCEND_SLASH_STRESS,ASCEND_STAKE_A0G,slashing_stress_loss,MODELLED_EMBEDDED_RESTAKING_STRESS,internal://src/ascend_optimizer/collectors/ascend.py,BRIDGE_FRACTION_X_SEVERE_SLASH_SCENARIO,Ascend capstone model,MEDIUM,2026-09-26,"Residual-NAV proxy x retained 5% MODELLED severity; exposure-basis uncertainty propagates. Not exact slashable fraction, probability, conservative bound, current Symbiotic parameter, or shared 0G validator event.",16661,MODEL_ASSUMPTION,MODELLED,MODEL_ASSUMPTION,FALSE,TRUE,FALSE,NO_FRESH_CAPTURE_SUPPLIED
ASCEND_ETH_TARGET_REFERENCE,ASCEND_STAKE_A0G,target_core|target_vault|target_oft,VERIFIED_REFERENCE,https://eth.blockscout.com,MANUAL_LIVE_PROBE,Ascend/Mellow Ethereum target,MEDIUM,2026-09-26,Last verified identifiers: TargetCore 0xd46e464c82643e6937838a94d40fd8d014a2ea26; MultiVault 0x0ff6ea4cad58b9e54535ae1ea2452cdbffb9bfab; MellowOFT 0xe42215bd71e190b3864267569c2f66077260eae4; deep Ethereum probing is optional and not required for default collection,1,DEPENDENCY_REFERENCE,HISTORICAL,DEPLOYMENT_CONFIG_STATIC,FALSE,TRUE,FALSE,NO_FRESH_CAPTURE_SUPPLIED
