record_id,record_name,reconciliation_category,protocol_availability,integration_status,optimizer_universe,allocation_gate,parent_strategy_id,chain_role,chain_ids,asset_role,source_coverage,notes
IAI,iAI,OBSERVED_EXCLUDED,LIVE,NOT_INTEGRATED,FALSE,NOT_APPLICABLE,,OBSERVED_ECOSYSTEM,16661,ECOSYSTEM_OPPORTUNITY,GAP,Outside integrated MVP; exact investable route/evidence unresolved. Compute credits excluded from financial APY.
W0G,Wrapped 0G,AUXILIARY_NOT_STRATEGY,LIVE,EXECUTION_HELPER,FALSE,NOT_APPLICABLE,,INTERNAL_REPRESENTATION,16661,WRAPPED_0G_FAMILY,EXISTING_REPOSITORY_REFERENCE,"Internal execution asset, not independent yield strategy. Alternate user input is TARGET. Galileo address unresolved; never reuse other-chain addresses."
BOND_A0G_EXIT,Bond a0G exit,AUXILIARY_NOT_STRATEGY,OBSERVED,NOT_INTEGRATED,FALSE,NOT_APPLICABLE,ASCEND_STAKE_A0G,SECONDARY_EXIT_UNVERIFIED,,SECONDARY_EXIT,GAP,Retained secondary-exit hypothesis; selection/execution not implemented. Network/route evidence gap.
ZIA_A0G_EXIT,Zia a0G exit,AUXILIARY_NOT_STRATEGY,OBSERVED,NOT_INTEGRATED,FALSE,NOT_APPLICABLE,ASCEND_STAKE_A0G,SECONDARY_EXIT_UNVERIFIED,,SECONDARY_EXIT,GAP,Retained secondary-exit hypothesis; selection/execution not implemented. Network/route evidence gap.
ASCEND_A0GTOKEN_REFERENCE,A0GToken.sol reference,AUXILIARY_NOT_STRATEGY,NOT_APPLICABLE,REFERENCE_ONLY,FALSE,NOT_APPLICABLE,,REFERENCE_ONLY,,REFERENCE_ARTIFACT,EXISTING_REPOSITORY_REFERENCE,"Pre-launch reference, not external live a0G production dependency."
ASCEND_STAKING_REFERENCE,AscendStakingAdapter.sol reference,AUXILIARY_NOT_STRATEGY,NOT_APPLICABLE,REFERENCE_ONLY,FALSE,NOT_APPLICABLE,,REFERENCE_ONLY,,REFERENCE_ARTIFACT,EXISTING_REPOSITORY_REFERENCE,"Pre-launch reference, not external AscendProtocolAdapter production path."
DIRECT_SYMBIOTIC,Direct Symbiotic allocation,KIV_FUTURE,UNKNOWN,NOT_INTEGRATED,FALSE,NOT_APPLICABLE,,TARGET_EXECUTION,1,FUTURE_ROUTE,GAP,Generic adapter boundary is not verified independent allocation integration.
ETH_INPUT,ETH direct input,KIV_FUTURE,NOT_APPLICABLE,NOT_INTEGRATED,FALSE,NOT_APPLICABLE,,TARGET_USER_INPUT,1,FUTURE_INPUT,GAP,Not current native-0G optimizer input.
BTC_INPUT,BTC direct input,KIV_FUTURE,NOT_APPLICABLE,NOT_INTEGRATED,FALSE,NOT_APPLICABLE,,TARGET_USER_INPUT,,FUTURE_INPUT,GAP,Network/route unspecified; not current optimizer input.
BASE_ROUTING,Base routing,KIV_FUTURE,NOT_APPLICABLE,NOT_INTEGRATED,FALSE,NOT_APPLICABLE,,KIV_EXTENSION,8453,FUTURE_ROUTE,GAP,Official ecosystem availability does not imply capstone integration.
